h2,ncut,modularity,modularity_density,conductance,k_got,nmi,ari,acc,problem,seed,algo,task_type,n_nodes,k_target,wall_sec,benchmark
4.037089600474339,0.7950904930309964,0.10152545866831578,0.21772345301757062,0.4354066985645933,2.0,0.2681266616830402,0.3256568277651638,0.7941176470588235,karate,0,neurocut,partition,34,2,0.039504686021246016,partition
4.037089600474339,0.7950904930309964,0.10152545866831578,0.21772345301757062,0.4354066985645933,2.0,0.2681266616830402,0.3256568277651638,0.7941176470588235,karate,1,neurocut,partition,34,2,0.0395810260088183,partition
4.037089600474339,0.7950904930309964,0.10152545866831578,0.21772345301757062,0.4354066985645933,2.0,0.2681266616830402,0.3256568277651638,0.7941176470588235,karate,2,neurocut,partition,34,2,0.04292466799961403,partition
3.723689693732673,2.80530798177857,0.03899793388429751,0.07954545454545452,0.7013269954446425,4.0,0.35856436158053984,0.1370767960363336,0.6,mini_0,0,neurocut,partition,20,4,0.06423624500166625,partition
3.723689693732673,2.80530798177857,0.03899793388429751,0.07954545454545452,0.7013269954446425,4.0,0.35856436158053984,0.1370767960363336,0.6,mini_0,1,neurocut,partition,20,4,0.03880666597979143,partition
3.723689693732673,2.80530798177857,0.03899793388429751,0.07954545454545452,0.7013269954446425,4.0,0.35856436158053984,0.1370767960363336,0.6,mini_0,2,neurocut,partition,20,4,0.059220116992946714,partition
4.99214271470379,1.3722834106550506,0.20339497041420115,0.41455128205128206,0.4574278035516835,3.0,0.5277679812422588,0.5874487626312443,0.85,mini_1,0,neurocut,partition,60,3,0.08026370202424005,partition
4.99214271470379,1.3722834106550506,0.20339497041420115,0.41455128205128206,0.4574278035516835,3.0,0.5277679812422588,0.5874487626312443,0.85,mini_1,1,neurocut,partition,60,3,0.058223024010658264,partition
4.99214271470379,1.3722834106550506,0.20339497041420115,0.41455128205128206,0.4574278035516835,3.0,0.5277679812422588,0.5874487626312443,0.85,mini_1,2,neurocut,partition,60,3,0.0586507489788346,partition
4.992341174800938,1.3733879009967263,0.20322961531752742,0.4054945054945055,0.45779596699890873,3.0,0.5492335438459733,0.5522114629678094,0.8333333333333334,mini_2,0,neurocut,partition,60,3,0.062125627999193966,partition
4.992341174800938,1.3733879009967263,0.20322961531752742,0.4054945054945055,0.45779596699890873,3.0,0.5492335438459733,0.5522114629678094,0.8333333333333334,mini_2,1,neurocut,partition,60,3,0.0691862300154753,partition
4.992341174800938,1.3733879009967263,0.20322961531752742,0.4054945054945055,0.45779596699890873,3.0,0.5492335438459733,0.5522114629678094,0.8333333333333334,mini_2,2,neurocut,partition,60,3,0.05822972900932655,partition
5.004712917968026,1.3530144044335626,0.21778061224489795,0.4346428571428571,0.4510048014778542,3.0,0.5272903120997763,0.5523598339094328,0.8333333333333334,mini_3,0,neurocut,partition,60,3,0.05833959300071001,partition
5.004712917968026,1.3530144044335626,0.21778061224489795,0.4346428571428571,0.4510048014778542,3.0,0.5272903120997763,0.5523598339094328,0.8333333333333334,mini_3,1,neurocut,partition,60,3,0.0634506389615126,partition
5.004712917968026,1.3530144044335626,0.21778061224489795,0.4346428571428571,0.4510048014778542,3.0,0.5272903120997763,0.5523598339094328,0.8333333333333334,mini_3,2,neurocut,partition,60,3,0.0681150330347009,partition
5.4964643699038165,2.0272144979277718,0.5252693942500748,1.0780228758169934,0.28960207113253883,7.0,0.2329755691051864,0.034615253830156074,0.3,cora,0,neurocut,partition,300,7,0.23805412702495232,partition
5.469016911476375,1.9678480792777295,0.5353630014097143,1.0976470588235294,0.2811211541825328,7.0,0.18455876748704106,0.030051560547015823,0.28,cora,1,neurocut,partition,300,7,0.23653795395512134,partition
5.476726848588373,1.9966945888440244,0.5325756119441241,1.0903267973856208,0.2852420841205749,7.0,0.17069616838469515,0.016700111648580703,0.25666666666666665,cora,2,neurocut,partition,300,7,0.23774702299851924,partition
5.820375173277666,1.9501203828278582,0.5007203125,1.041875,0.32502006380464304,6.0,0.10385582443448213,0.01190365697996598,0.28,citeseer,0,neurocut,partition,300,6,0.2391235789982602,partition
5.821710019416268,1.8985366360537028,0.49667421875000006,1.0453291666666669,0.31642277267561714,6.0,0.0906284848627413,0.01032910648862802,0.2633333333333333,citeseer,1,neurocut,partition,300,6,0.23913412599358708,partition
5.820703240115313,1.8460366888838138,0.5010476562499999,1.0667166666666668,0.30767278148063565,6.0,0.07241243606071962,0.010011113437744346,0.25333333333333335,citeseer,2,neurocut,partition,300,6,0.23512878001201898,partition
3.898102597609475,0.4015728476821192,0.2709469462716217,0.5459638400814871,0.2625,2.0,0.3169932166591199,0.3274021352313167,0.7941176470588235,karate,0,wrt,partition,34,2,0.09494638198520988,partition
3.898102597609475,0.4015728476821192,0.2709469462716217,0.5459638400814871,0.2625,2.0,0.3169932166591199,0.3274021352313167,0.7941176470588235,karate,1,wrt,partition,34,2,0.09224425599677488,partition
3.898102597609475,0.4015728476821192,0.2709469462716217,0.5459638400814871,0.2625,2.0,0.3169932166591199,0.3274021352313167,0.7941176470588235,karate,2,wrt,partition,34,2,0.09207278897520155,partition
2.494918848233951,0.36363636363636365,0.6590909090909091,1.3181818181818181,0.09090909090909091,4.0,1.0,1.0,1.0,mini_0,0,wrt,partition,20,4,0.08773778000613675,partition
2.494918848233951,0.36363636363636365,0.6590909090909091,1.3181818181818181,0.09090909090909091,4.0,1.0,1.0,1.0,mini_0,1,wrt,partition,20,4,0.08471402304712683,partition
2.494918848233951,0.36363636363636365,0.6590909090909091,1.3181818181818181,0.09090909090909091,4.0,1.0,1.0,1.0,mini_0,2,wrt,partition,20,4,0.08506457001203671,partition
4.542302023822631,0.5312868958322506,0.4892085798816568,0.9794871794871796,0.17709563194408354,3.0,1.0,1.0,1.0,mini_1,0,wrt,partition,60,3,0.16836858203168958,partition
4.542302023822631,0.5312868958322506,0.4892085798816568,0.9794871794871796,0.17709563194408354,3.0,1.0,1.0,1.0,mini_1,1,wrt,partition,60,3,0.16889785998500884,partition
4.542302023822631,0.5312868958322506,0.4892085798816568,0.9794871794871796,0.17709563194408354,3.0,1.0,1.0,1.0,mini_1,2,wrt,partition,60,3,0.16852028301218525,partition
4.515096270333744,0.4743145489140912,0.5068966442592816,1.0183150183150182,0.1581048496380304,3.0,1.0,1.0,1.0,mini_2,0,wrt,partition,60,3,0.17237783904420212,partition
4.515096270333744,0.4743145489140912,0.5068966442592816,1.0183150183150182,0.1581048496380304,3.0,1.0,1.0,1.0,mini_2,1,wrt,partition,60,3,0.17250418598996475,partition
4.515096270333744,0.4743145489140912,0.5068966442592816,1.0183150183150182,0.1581048496380304,3.0,1.0,1.0,1.0,mini_2,2,wrt,partition,60,3,0.17261412099469453,partition
4.529448178379599,0.4680326010687105,0.508858418367347,1.019047619047619,0.15601086702290348,3.0,1.0,1.0,1.0,mini_3,0,wrt,partition,60,3,0.1743888570345007,partition
4.529448178379599,0.4680326010687105,0.508858418367347,1.019047619047619,0.15601086702290348,3.0,1.0,1.0,1.0,mini_3,1,wrt,partition,60,3,0.17472592397825792,partition
4.529448178379599,0.4680326010687105,0.508858418367347,1.019047619047619,0.15601086702290348,3.0,1.0,1.0,1.0,mini_3,2,wrt,partition,60,3,0.17388269799994305,partition
5.462336530819344,1.9221574779909534,0.5391182344397454,1.0998311546840958,0.27459392542727906,7.0,0.22083729961942822,0.04024942821256428,0.31333333333333335,cora,0,wrt,partition,300,7,0.6126761559862643,partition
5.436045716083937,1.8677100684791739,0.5490756760220429,1.1186056644880176,0.2668157240684534,7.0,0.1836675213018487,0.03616634999496382,0.30333333333333334,cora,1,wrt,partition,300,7,0.4842493439791724,partition
5.4438047155003995,1.9037459496006996,0.5465339185783246,1.1125,0.27196370708581424,7.0,0.16860700653102909,0.021972601265340848,0.28,cora,2,wrt,partition,300,7,0.4637736610020511,partition
5.714204860539847,1.762502215921465,0.5360945312500001,1.0972666666666666,0.2937503693202442,6.0,0.1026491457414137,0.010980959873236613,0.28,citeseer,0,wrt,partition,300,6,0.5729916900163516,partition
5.717278478157812,1.7194100908848717,0.5350265625,1.0960291666666668,0.286568348480812,6.0,0.09002926093875391,0.010157910801342762,0.2633333333333333,citeseer,1,wrt,partition,300,6,0.5155986929894425,partition
5.730942534959885,1.7470111179523853,0.5324890624999999,1.0914833333333334,0.29116851965873086,6.0,0.07216168694288642,0.009890389854725373,0.25333333333333335,citeseer,2,wrt,partition,300,6,0.43714856199221686,partition
4.236393861017301,1.066153846153846,-0.029009951087873173,-0.12070282658517958,0.72,2.0,0.0,-0.02229606603065709,0.5,karate,0,ss2v_d3qn,partition,34,2,0.005011866975110024,partition
4.393032955039515,1.0628949159132886,-0.018187440265362346,0.04150751209574762,0.8765432098765432,2.0,0.0,-0.02229606603065709,0.5,karate,1,ss2v_d3qn,partition,34,2,0.004688907996751368,partition
4.519301666294668,1.1026252983293556,-0.017325387455257638,0.053221288515406195,1.0,2.0,0.05927123895851498,0.016183986371379896,0.5882352941176471,karate,2,ss2v_d3qn,partition,34,2,0.004703226033598185,partition
3.594860975425013,2.4098848011891487,0.22908057851239666,0.4534090909090909,0.6195652173913043,4.0,0.5325958417634434,0.27878033602986935,0.55,mini_0,0,ss2v_d3qn,partition,20,4,0.007237237994559109,partition
3.960639028864809,3.182330827067669,-0.032283057851239666,-0.07500000000000001,0.8692434210526316,4.0,0.25314828016323954,0.002359882005899705,0.4,mini_0,1,ss2v_d3qn,partition,20,4,0.004734656016808003,partition
3.8475182810612902,3.0021822149481725,0.0018078512396694259,-0.009090909090909163,0.7684490306441526,4.0,0.29067364841086796,0.03389830508474576,0.5,mini_0,2,ss2v_d3qn,partition,20,4,0.007228507020045072,partition
5.436610670830738,2.0529265320425316,-0.005118343195266252,-0.016153846153846088,0.7664035881796316,3.0,0.00624625564122878,-0.021252267171358724,0.36666666666666664,mini_1,0,ss2v_d3qn,partition,60,3,0.011877953947987407,partition
5.339917589316163,2.0130607633018434,0.0073446745562130294,0.012371794871794878,0.6710202544339477,3.0,0.05396937335228721,0.029872912821165637,0.45,mini_1,1,ss2v_d3qn,partition,60,3,0.011373121000360698,partition
5.361038429066158,1.989424873625617,-0.013912721893491214,-0.028141025641025753,0.675138247714609,3.0,0.0509383812259878,-0.003050922301840589,0.4166666666666667,mini_1,2,ss2v_d3qn,partition,60,3,0.010855647036805749,partition
5.531421404820092,1.988156548890125,-0.0008520173355338403,-0.00018315018315016168,0.8438024194344127,3.0,0.06877580884247882,0.00035557451952993046,0.4,mini_2,0,ss2v_d3qn,partition,60,3,0.010284323012456298,partition
5.388773300307264,2.0875637563756375,-0.0039112291859544,-0.0028083028083027567,0.7037493223006511,3.0,0.07478152834020103,0.057460377596767066,0.5,mini_2,1,ss2v_d3qn,partition,60,3,0.010466195992194116,partition
5.549463061343626,2.0244610915762116,0.00043607186464323863,0.03070818070818055,0.8494623655913979,3.0,0.07730814031009968,0.02445198470404481,0.4166666666666667,mini_2,2,ss2v_d3qn,partition,60,3,0.010360523010604084,partition
5.559864608627116,2.0219903251466746,0.0011033163265307356,-0.0031547619047618703,0.8448337034354316,3.0,0.06877580884247882,0.00035557451952993046,0.4,mini_3,0,ss2v_d3qn,partition,60,3,0.010473040980286896,partition
5.550526379460202,1.9978564216135493,0.001065051020408301,0.018452380952380987,0.8402403200029059,3.0,0.0355239724099227,0.005121823657775614,0.38333333333333336,mini_3,1,ss2v_d3qn,partition,60,3,0.010613567952532321,partition
5.541463292863177,2.025619681834998,0.014872448979591866,0.03940476190476198,0.8316993464052288,3.0,0.07730814031009968,0.02445198470404481,0.4166666666666667,mini_3,2,ss2v_d3qn,partition,60,3,0.010363665001932532,partition
7.077886473113883,6.11025155828715,-0.014134520910760812,0.05942265795206975,0.9116713036864496,7.0,0.03137313013253275,-0.0052336092140294966,0.47333333333333333,cora,0,ss2v_d3qn,partition,300,7,0.1119315400137566,partition
7.015809675723883,5.991529993722976,0.0007676000683497824,0.07686819172113285,0.8804340917493396,7.0,0.051011908884564534,0.04564254754507276,0.4666666666666667,cora,1,ss2v_d3qn,partition,300,7,0.12677891203202307,partition
6.999751797154163,5.902189207146488,0.006466529967106725,0.08816993464052297,0.8711900763667991,7.0,0.06130677949509884,-0.005412668238369518,0.46,cora,2,ss2v_d3qn,partition,300,7,0.13900000898865983,partition
7.1095894593084195,4.945589484957275,0.00013750000000001088,0.050366666666666615,0.8586106579482115,6.0,0.03651269718879935,-0.003825934861042464,0.4633333333333333,citeseer,0,ss2v_d3qn,partition,300,6,0.1213418340194039,partition
7.173627953763157,5.034826669462824,-0.0003226562500000612,0.06561249999999999,0.8948817854803485,6.0,0.023540166918479,-0.06177396178300475,0.48,citeseer,1,ss2v_d3qn,partition,300,6,0.12085802404908463,partition
7.179392483394068,5.162466356260797,-0.01759921874999998,-0.0017666666666666386,0.8991976758629789,6.0,0.04263072112065115,-0.007431405967800226,0.4866666666666667,citeseer,2,ss2v_d3qn,partition,300,6,0.12047765403985977,partition
3.2787832394821175,1.0702161544977427,0.44490358126721763,0.9113827349121467,0.26755403862443566,4.0,0.5878497068250673,0.46459109844332386,0.6470588235294118,karate,0,leiden,partition,34,2,0.02479567500995472,partition
3.2787832394821175,1.0702161544977427,0.44490358126721763,0.9113827349121467,0.26755403862443566,4.0,0.5878497068250673,0.46459109844332386,0.6470588235294118,karate,1,leiden,partition,34,2,0.02467191102914512,partition
3.2787832394821175,1.0702161544977427,0.44490358126721763,0.9113827349121467,0.26755403862443566,4.0,0.5878497068250673,0.46459109844332386,0.6470588235294118,karate,2,leiden,partition,34,2,0.02463957399595529,partition
2.494918848233951,0.36363636363636365,0.6590909090909091,1.3181818181818181,0.09090909090909091,4.0,1.0,1.0,1.0,mini_0,0,leiden,partition,20,4,0.017623812018427998,partition
2.494918848233951,0.36363636363636365,0.6590909090909091,1.3181818181818181,0.09090909090909091,4.0,1.0,1.0,1.0,mini_0,1,leiden,partition,20,4,0.017699383024591953,partition
2.494918848233951,0.36363636363636365,0.6590909090909091,1.3181818181818181,0.09090909090909091,4.0,1.0,1.0,1.0,mini_0,2,leiden,partition,20,4,0.017567028990015388,partition
4.542302023822632,0.5312868958322506,0.4892085798816568,0.9794871794871796,0.17709563194408354,3.0,1.0,1.0,1.0,mini_1,0,leiden,partition,60,3,0.04494469700148329,partition
4.542302023822632,0.5312868958322506,0.4892085798816568,0.9794871794871796,0.17709563194408354,3.0,1.0,1.0,1.0,mini_1,1,leiden,partition,60,3,0.044859487970825285,partition
4.542302023822632,0.5312868958322506,0.4892085798816568,0.9794871794871796,0.17709563194408354,3.0,1.0,1.0,1.0,mini_1,2,leiden,partition,60,3,0.044692002004012465,partition
4.515096270333743,0.47431454891409125,0.5068966442592816,1.0183150183150182,0.15810484963803043,3.0,1.0,1.0,1.0,mini_2,0,leiden,partition,60,3,0.04378291202010587,partition
4.515096270333743,0.47431454891409125,0.5068966442592816,1.0183150183150182,0.15810484963803043,3.0,1.0,1.0,1.0,mini_2,1,leiden,partition,60,3,0.043886001978535205,partition
4.515096270333743,0.47431454891409125,0.5068966442592816,1.0183150183150182,0.15810484963803043,3.0,1.0,1.0,1.0,mini_2,2,leiden,partition,60,3,0.043814412027131766,partition
4.529448178379599,0.4680326010687105,0.508858418367347,1.019047619047619,0.15601086702290348,3.0,1.0,1.0,1.0,mini_3,0,leiden,partition,60,3,0.04448994301492348,partition
4.529448178379599,0.4680326010687105,0.508858418367347,1.019047619047619,0.15601086702290348,3.0,1.0,1.0,1.0,mini_3,1,leiden,partition,60,3,0.04446752299554646,partition
4.529448178379599,0.4680326010687105,0.508858418367347,1.019047619047619,0.15601086702290348,3.0,1.0,1.0,1.0,mini_3,2,leiden,partition,60,3,0.044455650029703975,partition
4.978537066332881,3.4064543673272167,0.5741822055619633,1.1763943355119828,0.2433181690948012,14.0,0.2625083728803446,0.04789018381065341,0.25,cora,0,leiden,partition,300,7,0.2249239400262013,partition
4.978537066332881,3.4064543673272167,0.5741822055619633,1.1763943355119828,0.2433181690948012,14.0,0.2625083728803446,0.04789018381065341,0.25,cora,1,leiden,partition,300,7,0.22477244801120833,partition
4.978537066332881,3.4064543673272167,0.5741822055619633,1.1763943355119828,0.2433181690948012,14.0,0.2625083728803446,0.04789018381065341,0.25,cora,2,leiden,partition,300,7,0.224809605977498,partition
5.333340666676455,3.347901990498234,0.5669,1.1758291666666667,0.27899183254151955,12.0,0.12945018060373423,0.031921417603690876,0.22666666666666666,citeseer,0,leiden,partition,300,6,0.23186629603151232,partition
5.333340666676455,3.347901990498234,0.5669,1.1758291666666667,0.27899183254151955,12.0,0.12945018060373423,0.031921417603690876,0.22666666666666666,citeseer,1,leiden,partition,300,6,0.22761070099659264,partition
5.333340666676455,3.347901990498234,0.5669,1.1758291666666667,0.27899183254151955,12.0,0.12945018060373423,0.031921417603690876,0.22666666666666666,citeseer,2,leiden,partition,300,6,0.18371799297165126,partition
3.3546159768243853,1.2832562845791096,0.4175427746856318,0.8486121721415839,0.3208140711447774,4.0,0.49437870011140245,0.4069690992767916,0.6176470588235294,karate,0,louvain,partition,34,2,0.015039863006677479,partition
3.29607899361844,1.2774820318856759,0.42398943048293697,0.8539597657244715,0.31937050797141897,4.0,0.49200632346409406,0.3769484083424808,0.5588235294117647,karate,1,louvain,partition,34,2,0.014128956012427807,partition
3.2866862494915057,1.0840213475264378,0.440181031090122,0.9009421950598422,0.27100533688160944,4.0,0.4899672048193782,0.39223854417890813,0.6176470588235294,karate,2,louvain,partition,34,2,0.014258795999921858,partition
2.494918848233951,0.36363636363636365,0.6590909090909091,1.3181818181818181,0.09090909090909091,4.0,1.0,1.0,1.0,mini_0,0,louvain,partition,20,4,0.011383947043213993,partition
2.494918848233951,0.36363636363636365,0.6590909090909091,1.3181818181818181,0.09090909090909091,4.0,1.0,1.0,1.0,mini_0,1,louvain,partition,20,4,0.011480402026791126,partition
2.494918848233951,0.36363636363636365,0.6590909090909091,1.3181818181818181,0.09090909090909091,4.0,1.0,1.0,1.0,mini_0,2,louvain,partition,20,4,0.011187266034539789,partition
4.542302023822631,0.5312868958322506,0.4892085798816568,0.9794871794871796,0.17709563194408354,3.0,1.0,1.0,1.0,mini_1,0,louvain,partition,60,3,0.024569589993916452,partition
4.542302023822631,0.5312868958322506,0.4892085798816568,0.9794871794871796,0.17709563194408354,3.0,1.0,1.0,1.0,mini_1,1,louvain,partition,60,3,0.024864751030690968,partition
4.542302023822631,0.5312868958322506,0.4892085798816568,0.9794871794871796,0.17709563194408354,3.0,1.0,1.0,1.0,mini_1,2,louvain,partition,60,3,0.024859722005203366,partition
4.515096270333744,0.4743145489140912,0.5068966442592816,1.0183150183150182,0.1581048496380304,3.0,1.0,1.0,1.0,mini_2,0,louvain,partition,60,3,0.024898276024032384,partition
4.515096270333744,0.4743145489140912,0.5068966442592816,1.0183150183150182,0.1581048496380304,3.0,1.0,1.0,1.0,mini_2,1,louvain,partition,60,3,0.024990260018967092,partition
4.515096270333744,0.4743145489140912,0.5068966442592816,1.0183150183150182,0.1581048496380304,3.0,1.0,1.0,1.0,mini_2,2,louvain,partition,60,3,0.024699219968169928,partition
4.529448178379599,0.4680326010687105,0.508858418367347,1.019047619047619,0.15601086702290348,3.0,1.0,1.0,1.0,mini_3,0,louvain,partition,60,3,0.02496393001638353,partition
4.529448178379599,0.4680326010687105,0.508858418367347,1.019047619047619,0.15601086702290348,3.0,1.0,1.0,1.0,mini_3,1,louvain,partition,60,3,0.024908403982408345,partition
4.529448178379599,0.4680326010687105,0.508858418367347,1.019047619047619,0.15601086702290348,3.0,1.0,1.0,1.0,mini_3,2,louvain,partition,60,3,0.025117237004451454,partition
4.974923254760098,3.4900703040440053,0.5674313298304071,1.1637581699346407,0.24929073600314325,14.0,0.2537824807089407,0.051065631542053146,0.2733333333333333,cora,0,louvain,partition,300,7,0.14004725002450868,partition
4.979168760119533,3.47768016054592,0.5671189499765047,1.1636928104575164,0.24840572575328,14.0,0.25387109898686533,0.05123640897324364,0.2733333333333333,cora,1,louvain,partition,300,7,0.3671863640192896,partition
5.040986570458749,3.143865970552523,0.5680293904053996,1.1654248366013071,0.2418358438886556,13.0,0.2549623172410886,0.05562280107464331,0.28,cora,2,louvain,partition,300,7,0.1411822160007432,partition
5.463595469298835,2.9651577419958497,0.55948046875,1.1564708333333336,0.29651577419958497,10.0,0.10416272331729251,0.019023223552479124,0.24,citeseer,0,louvain,partition,300,6,0.14194833498913795,partition
5.376115333569693,4.043257023274535,0.5544304687499999,1.1580416666666666,0.31101977102111805,13.0,0.14095285967278648,0.03597428973746344,0.23666666666666666,citeseer,1,louvain,partition,300,6,0.141737685946282,partition
5.394874900072396,3.4213244318763474,0.5577164062499999,1.1597583333333334,0.28511036932302897,12.0,0.13823649651575448,0.032280974455853144,0.23666666666666666,citeseer,2,louvain,partition,300,6,0.14134530199225992,partition
3.7310385854891757,0.19090909090909092,0.40362811791383213,0.80672268907563,0.1,2.0,0.8371694628777809,0.8822575413558222,0.9705882352941176,karate,0,spectral,partition,34,2,0.13849538698559627,partition
3.7310385854891757,0.19090909090909092,0.40362811791383213,0.80672268907563,0.1,2.0,0.8371694628777809,0.8822575413558222,0.9705882352941176,karate,1,spectral,partition,34,2,0.023274193983525038,partition
3.7310385854891757,0.19090909090909092,0.40362811791383213,0.80672268907563,0.1,2.0,0.8371694628777809,0.8822575413558222,0.9705882352941176,karate,2,spectral,partition,34,2,0.023087290988769382,partition
2.494918848233951,0.36363636363636365,0.6590909090909091,1.3181818181818181,0.09090909090909091,4.0,1.0,1.0,1.0,mini_0,0,spectral,partition,20,4,0.020518847042694688,partition
2.494918848233951,0.36363636363636365,0.6590909090909091,1.3181818181818181,0.09090909090909091,4.0,1.0,1.0,1.0,mini_0,1,spectral,partition,20,4,0.020528135006316006,partition
2.494918848233951,0.36363636363636365,0.6590909090909091,1.3181818181818181,0.09090909090909091,4.0,1.0,1.0,1.0,mini_0,2,spectral,partition,20,4,0.020682280999608338,partition
4.54230202382263,0.5312868958322506,0.4892085798816568,0.9794871794871796,0.17709563194408354,3.0,1.0,1.0,1.0,mini_1,0,spectral,partition,60,3,0.034704306977801025,partition
4.54230202382263,0.5312868958322506,0.4892085798816568,0.9794871794871796,0.17709563194408354,3.0,1.0,1.0,1.0,mini_1,1,spectral,partition,60,3,0.03491872805170715,partition
4.54230202382263,0.5312868958322506,0.4892085798816568,0.9794871794871796,0.17709563194408354,3.0,1.0,1.0,1.0,mini_1,2,spectral,partition,60,3,0.03453542402712628,partition
4.515096270333744,0.4743145489140912,0.5068966442592816,1.0183150183150182,0.1581048496380304,3.0,1.0,1.0,1.0,mini_2,0,spectral,partition,60,3,0.03448157402453944,partition
4.515096270333744,0.4743145489140912,0.5068966442592816,1.0183150183150182,0.1581048496380304,3.0,1.0,1.0,1.0,mini_2,1,spectral,partition,60,3,0.03498277498874813,partition
4.515096270333744,0.4743145489140912,0.5068966442592816,1.0183150183150182,0.1581048496380304,3.0,1.0,1.0,1.0,mini_2,2,spectral,partition,60,3,0.03496098396135494,partition
4.529448178379598,0.46803260106871053,0.508858418367347,1.019047619047619,0.1560108670229035,3.0,1.0,1.0,1.0,mini_3,0,spectral,partition,60,3,0.0344659989932552,partition
4.529448178379598,0.46803260106871053,0.508858418367347,1.019047619047619,0.1560108670229035,3.0,1.0,1.0,1.0,mini_3,1,spectral,partition,60,3,0.03426170599414036,partition
4.529448178379598,0.46803260106871053,0.508858418367347,1.019047619047619,0.1560108670229035,3.0,1.0,1.0,1.0,mini_3,2,spectral,partition,60,3,0.034622589009813964,partition
6.1498509463262705,1.2217349287295622,0.37114464522192314,0.813665577342048,0.1899518164612539,7.0,0.3285006595606332,0.25823322937627385,0.64,cora,0,spectral,partition,300,7,0.22009981400333345,partition
6.1498509463262705,1.2217349287295622,0.37114464522192314,0.813665577342048,0.1899518164612539,7.0,0.3285006595606332,0.25823322937627385,0.64,cora,1,spectral,partition,300,7,0.21183377399574965,partition
6.1498509463262705,1.2217349287295622,0.37114464522192314,0.813665577342048,0.1899518164612539,7.0,0.3285006595606332,0.25823322937627385,0.64,cora,2,spectral,partition,300,7,0.2298521350021474,partition
6.626998006068647,0.9400024590864285,0.30698749999999997,0.5843958333333333,0.17626512282094234,6.0,0.09575072189952072,-0.04160659751306219,0.6133333333333333,citeseer,0,spectral,partition,300,6,0.22200830199290067,partition
6.626998006068647,0.9400024590864285,0.30698749999999997,0.5843958333333333,0.17626512282094234,6.0,0.09575072189952072,-0.04160659751306219,0.6133333333333333,citeseer,1,spectral,partition,300,6,0.21026242297375575,partition
6.626998006068647,0.9400024590864285,0.30698749999999997,0.5843958333333333,0.17626512282094234,6.0,0.09575072189952072,-0.04160659751306219,0.6133333333333333,citeseer,2,spectral,partition,300,6,0.21701843495247886,partition
4.189224516097522,1.069090909090909,-0.03329210472067612,-0.08632543926661573,0.6363636363636364,2.0,0.0,-0.028469750889679714,0.5,karate,0,random,partition,34,2,0.022915543988347054,partition
4.1000620762427555,0.9289136929928405,0.03544723674593808,0.07053730583142354,0.4885844748858447,2.0,0.04051053325543217,0.025948751216347713,0.6176470588235294,karate,1,random,partition,34,2,0.018038615002296865,partition
4.24286725662701,1.2067686250757117,-0.10235940106069982,-0.19480519480519487,0.6634615384615384,2.0,0.0024974536308849165,-0.02768166089965398,0.5294117647058824,karate,2,random,partition,34,2,0.014093265985138714,partition
3.891916941498702,3.165527544351074,-0.033832644628099186,-0.0659090909090909,0.7913818860877685,4.0,0.19479812980578998,-0.02618657937806874,0.4,mini_0,0,random,partition,20,4,0.011224703048355877,partition
3.85497982573942,3.119047619047619,-0.012138429752066117,-0.0238636363636364,0.7797619047619048,4.0,0.27653401169864844,0.03288958496476116,0.45,mini_0,1,random,partition,20,4,0.015447192010469735,partition
3.861418635841307,3.0201201201201204,-0.049328512396694224,-0.09090909090909093,0.7550300300300301,4.0,0.2394618136029685,-0.004467609828741623,0.5,mini_0,2,random,partition,20,4,0.013410890009254217,partition
5.371913486538987,2.0898267337757783,-0.030392011834319527,-0.06865384615384615,0.6966089112585928,3.0,0.004290945962823994,-0.02826428833020961,0.36666666666666664,mini_1,0,random,partition,60,3,0.024150456010829657,partition
5.3391958056053985,2.0402081010776665,-0.011952662721893478,-0.021794871794871745,0.6800693670258888,3.0,0.06877079784625548,0.03998861222433918,0.45,mini_1,1,random,partition,60,3,0.03059098299127072,partition
5.357217252755119,2.0747797500479996,-0.026057692307692254,-0.05128205128205121,0.6915932500159999,3.0,0.030208277658400867,-0.0014473684210526317,0.43333333333333335,mini_1,2,random,partition,60,3,0.024289864988531917,partition
5.344933793443494,2.0394689720776675,-0.008600678930349256,-0.019047619047619063,0.6798229906925558,3.0,0.016476769080159694,-0.0159854441484177,0.4,mini_2,0,random,partition,60,3,0.02413557900581509,partition
5.333216221540643,2.0238629579675855,-0.004629070563136481,-0.008058608058608058,0.6746209859891952,3.0,0.044698410622973056,0.018660214069278223,0.48333333333333334,mini_2,1,random,partition,60,3,0.035050523991230875,partition
5.322348782503287,1.9908794211763374,0.0028914919024809194,0.0111111111111111,0.6636264737254458,3.0,0.021153540913686444,-0.012000260875236419,0.4166666666666667,mini_2,2,random,partition,60,3,0.024337148992344737,partition
5.361580279234066,2.045609113948968,-0.015535714285714292,-0.03095238095238087,0.6818697046496559,3.0,0.015822389941518203,-0.016973684210526314,0.4,mini_3,0,random,partition,60,3,0.024176716979127377,partition
5.402942298866321,2.1233003021685035,-0.041249999999999995,-0.08214285714285707,0.7077667673895012,3.0,0.010625991349971267,-0.022971876986475525,0.36666666666666664,mini_3,1,random,partition,60,3,0.028814499964937568,partition
5.399563099164105,2.1105555555555555,-0.03530612244897959,-0.06428571428571424,0.7035185185185185,3.0,0.016294920024562377,-0.017574922945766937,0.38333333333333336,mini_3,2,random,partition,60,3,0.024187472998164594,partition
7.082283290949406,6.197712868235998,-0.03351141654919048,-0.040190631808278865,0.8853875526051426,7.0,0.046928002716969175,0.0011586135140242457,0.18666666666666668,cora,0,random,partition,300,7,0.15769012999953702,partition
7.024332212892723,6.041701282149528,-0.013252114571318715,-0.000539215686274512,0.8631001831642183,7.0,0.038942325820761334,-0.0009615261433589386,0.21,cora,1,random,partition,300,7,0.1595750809647143,partition
7.023352210369547,6.085353424104575,-0.00989069375026699,0.02552287581699348,0.8693362034435107,7.0,0.05075084940506411,0.007379801426113736,0.22,cora,2,random,partition,300,7,0.15875098999822512,partition
7.080622632655127,4.994864417734996,-0.010962499999999997,0.006749999999999996,0.8324774029558326,6.0,0.03443700797298814,0.0014632746427279116,0.23666666666666666,citeseer,0,random,partition,300,6,0.17767781199654564,partition
7.121529615802018,5.116382139733742,-0.017371093749999993,-0.015579166666666665,0.8527303566222902,6.0,0.04719779741738619,0.0007001691598575626,0.21666666666666667,citeseer,1,random,partition,300,6,0.13766584900440648,partition
7.055929015810548,4.960479585351967,0.006087500000000004,0.027491666666666685,0.8267465975586612,6.0,0.036091589166035776,0.001120293476076754,0.24,citeseer,2,random,partition,300,6,0.13683051499538124,partition
4.002312127688174,0.6972910216718267,0.14658645827476988,0.2724726254138019,0.4105263157894737,2.0,0.04580323498748812,0.028469750889679714,0.6176470588235294,karate,0,clare,partition,34,2,0.02802638098364696,community
4.002312127688174,0.6972910216718267,0.14658645827476988,0.2724726254138019,0.4105263157894737,2.0,0.04580323498748812,0.028469750889679714,0.6176470588235294,karate,1,clare,partition,34,2,0.029428009991534054,community
4.002312127688174,0.6972910216718267,0.14658645827476988,0.2724726254138019,0.4105263157894737,2.0,0.04580323498748812,0.028469750889679714,0.6176470588235294,karate,2,clare,partition,34,2,0.03180794499348849,community
3.716102935883763,1.4153297682709447,0.1924070247933884,0.3829545454545454,0.5525846702317291,3.0,0.4216889519842184,0.16557294295810196,0.5,mini_0,0,clare,partition,20,4,0.025370003015268594,community
3.716102935883763,1.4153297682709447,0.1924070247933884,0.3829545454545454,0.5525846702317291,3.0,0.4216889519842184,0.16557294295810196,0.5,mini_0,1,clare,partition,20,4,0.023938130005262792,community
3.716102935883763,1.4153297682709447,0.1924070247933884,0.3829545454545454,0.5525846702317291,3.0,0.4216889519842184,0.16557294295810196,0.5,mini_0,2,clare,partition,20,4,0.02377434598747641,community
4.903474710627795,1.1289722785665992,0.27466715976331363,0.5439102564102565,0.3763240928555331,3.0,0.6359738744264875,0.5468164794007491,0.8333333333333334,mini_1,0,clare,partition,60,3,0.03823918296257034,community
4.903474710627795,1.1289722785665992,0.27466715976331363,0.5439102564102565,0.3763240928555331,3.0,0.6359738744264875,0.5468164794007491,0.8333333333333334,mini_1,1,clare,partition,60,3,0.038341853010933846,community
4.903474710627792,1.128972278566599,0.27466715976331363,0.5439102564102565,0.376324092855533,3.0,0.6359738744264876,0.5468164794007491,0.8333333333333334,mini_1,2,clare,partition,60,3,0.038354075979441404,community
3.898102597609475,0.4015728476821192,0.2709469462716217,0.5459638400814871,0.2625,2.0,0.3169932166591199,0.3274021352313167,0.7941176470588235,karate,0,slrl,partition,34,2,0.03219620796153322,community
3.898102597609475,0.4015728476821192,0.2709469462716217,0.5459638400814871,0.2625,2.0,0.3169932166591199,0.3274021352313167,0.7941176470588235,karate,1,slrl,partition,34,2,0.03191243199398741,community
3.898102597609475,0.4015728476821192,0.2709469462716217,0.5459638400814871,0.2625,2.0,0.3169932166591199,0.3274021352313167,0.7941176470588235,karate,2,slrl,partition,34,2,0.031861026014667004,community
2.494918848233951,0.36363636363636365,0.6590909090909091,1.3181818181818181,0.09090909090909091,4.0,1.0,1.0,1.0,mini_0,0,slrl,partition,20,4,0.027754477050621063,community
2.494918848233951,0.36363636363636365,0.6590909090909091,1.3181818181818181,0.09090909090909091,4.0,1.0,1.0,1.0,mini_0,1,slrl,partition,20,4,0.028073524998035282,community
2.494918848233951,0.36363636363636365,0.6590909090909091,1.3181818181818181,0.09090909090909091,4.0,1.0,1.0,1.0,mini_0,2,slrl,partition,20,4,0.027583987975958735,community
4.569603207351649,0.57912099013143,0.4725813609467455,0.945,0.19304033004381002,3.0,0.8996935451597475,0.9018474739514929,0.9666666666666667,mini_1,0,slrl,partition,60,3,0.04248318501049653,community
4.569603207351649,0.57912099013143,0.4725813609467455,0.945,0.19304033004381002,3.0,0.8996935451597475,0.9018474739514929,0.9666666666666667,mini_1,1,slrl,partition,60,3,0.042272255988791585,community
4.569603207351649,0.57912099013143,0.4725813609467455,0.945,0.19304033004381002,3.0,0.8996935451597475,0.9018474739514929,0.9666666666666667,mini_1,2,slrl,partition,60,3,0.0424544780398719,community
3.2787832394821175,1.0702161544977427,0.44490358126721763,0.9113827349121467,0.26755403862443566,4.0,0.5878497068250673,0.46459109844332386,0.6470588235294118,karate,0,leiden,partition,34,2,0.0203994830371812,community
3.2787832394821175,1.0702161544977427,0.44490358126721763,0.9113827349121467,0.26755403862443566,4.0,0.5878497068250673,0.46459109844332386,0.6470588235294118,karate,1,leiden,partition,34,2,0.02030079299584031,community
3.2787832394821175,1.0702161544977427,0.44490358126721763,0.9113827349121467,0.26755403862443566,4.0,0.5878497068250673,0.46459109844332386,0.6470588235294118,karate,2,leiden,partition,34,2,0.02031923201866448,community
2.494918848233951,0.36363636363636365,0.6590909090909091,1.3181818181818181,0.09090909090909091,4.0,1.0,1.0,1.0,mini_0,0,leiden,partition,20,4,0.015054390009026974,community
2.494918848233951,0.36363636363636365,0.6590909090909091,1.3181818181818181,0.09090909090909091,4.0,1.0,1.0,1.0,mini_0,1,leiden,partition,20,4,0.015393761976156384,community
2.494918848233951,0.36363636363636365,0.6590909090909091,1.3181818181818181,0.09090909090909091,4.0,1.0,1.0,1.0,mini_0,2,leiden,partition,20,4,0.01506409904686734,community
4.542302023822632,0.5312868958322506,0.4892085798816568,0.9794871794871796,0.17709563194408354,3.0,1.0,1.0,1.0,mini_1,0,leiden,partition,60,3,0.03637350897770375,community
4.542302023822632,0.5312868958322506,0.4892085798816568,0.9794871794871796,0.17709563194408354,3.0,1.0,1.0,1.0,mini_1,1,leiden,partition,60,3,0.03578199999174103,community
4.542302023822632,0.5312868958322506,0.4892085798816568,0.9794871794871796,0.17709563194408354,3.0,1.0,1.0,1.0,mini_1,2,leiden,partition,60,3,0.03616257995599881,community
4.377666987185338,1.2544201595245543,0.25107590252460177,0.5045811518324608,0.4181400531748514,3.0,0.42888146600174504,0.46677199565517924,0.8,dynamic_sbm_0,0,ac2cd,dynamic,40,3,0.06972347100963816,dynamic
4.377666987185338,1.2544201595245543,0.25107590252460177,0.5045811518324608,0.4181400531748514,3.0,0.42888146600174504,0.46677199565517924,0.8,dynamic_sbm_0,1,ac2cd,dynamic,40,3,0.061655578028876334,dynamic
4.377666987185338,1.2544201595245543,0.25107590252460177,0.5045811518324608,0.4181400531748514,3.0,0.42888146600174504,0.46677199565517924,0.8,dynamic_sbm_0,2,ac2cd,dynamic,40,3,0.07048791303532198,dynamic
4.383069164097582,1.285943355211859,0.23965666768697075,0.4827020202020202,0.4286477850706197,3.0,0.49636351409369467,0.4904710180705046,0.8,dynamic_sbm_1,0,ac2cd,dynamic,40,3,0.07519344502361491,dynamic
4.383069164097582,1.285943355211859,0.23965666768697075,0.4827020202020202,0.4286477850706197,3.0,0.49636351409369467,0.4904710180705046,0.8,dynamic_sbm_1,1,ac2cd,dynamic,40,3,0.070441955991555,dynamic
4.383069164097582,1.285943355211859,0.23965666768697075,0.4827020202020202,0.4286477850706197,3.0,0.49636351409369467,0.4904710180705046,0.8,dynamic_sbm_1,2,ac2cd,dynamic,40,3,0.07535101298708469,dynamic
4.344873385173655,1.2223589361173255,0.258148710910695,0.5196782178217821,0.4074529787057752,3.0,0.5039238148141572,0.48454626246667326,0.8,dynamic_sbm_2,0,ac2cd,dynamic,40,3,0.08153032301925123,dynamic
4.344873385173655,1.2223589361173255,0.258148710910695,0.5196782178217821,0.4074529787057752,3.0,0.5039238148141572,0.48454626246667326,0.8,dynamic_sbm_2,1,ac2cd,dynamic,40,3,0.07025924400659278,dynamic
4.344873385173655,1.2223589361173255,0.258148710910695,0.5196782178217821,0.4074529787057752,3.0,0.5039238148141572,0.48454626246667326,0.8,dynamic_sbm_2,2,ac2cd,dynamic,40,3,0.07010747300228104,dynamic
3.9174129309820755,0.37664835164835164,0.5382527891231051,1.0803664921465967,0.12554945054945055,3.0,1.0,1.0,1.0,dynamic_sbm_0,0,leiden,dynamic,40,3,0.030837740981951356,dynamic
3.9174129309820755,0.37664835164835164,0.5382527891231051,1.0803664921465967,0.12554945054945055,3.0,1.0,1.0,1.0,dynamic_sbm_0,1,leiden,dynamic,40,3,0.030797581013757735,dynamic
3.9174129309820755,0.37664835164835164,0.5382527891231051,1.0803664921465967,0.12554945054945055,3.0,1.0,1.0,1.0,dynamic_sbm_0,2,leiden,dynamic,40,3,0.030833063006866723,dynamic
3.9229522297884336,0.40798041070732927,0.5266937047240078,1.0582070707070708,0.13599347023577643,3.0,1.0,1.0,1.0,dynamic_sbm_1,0,leiden,dynamic,40,3,0.031000547984149307,dynamic
3.9229522297884336,0.40798041070732927,0.5266937047240078,1.0582070707070708,0.13599347023577643,3.0,1.0,1.0,1.0,dynamic_sbm_1,1,leiden,dynamic,40,3,0.030927491025067866,dynamic
3.9229522297884336,0.40798041070732927,0.5266937047240078,1.0582070707070708,0.13599347023577643,3.0,1.0,1.0,1.0,dynamic_sbm_1,2,leiden,dynamic,40,3,0.0308998329564929,dynamic
3.9474393670997254,0.4646547748152027,0.5098642289971572,1.0241336633663367,0.1548849249384009,3.0,1.0,1.0,1.0,dynamic_sbm_2,0,leiden,dynamic,40,3,0.030846541980281472,dynamic
3.9474393670997254,0.4646547748152027,0.5098642289971572,1.0241336633663367,0.1548849249384009,3.0,1.0,1.0,1.0,dynamic_sbm_2,1,leiden,dynamic,40,3,0.030978547991253436,dynamic
3.9474393670997254,0.4646547748152027,0.5098642289971572,1.0241336633663367,0.1548849249384009,3.0,1.0,1.0,1.0,dynamic_sbm_2,2,leiden,dynamic,40,3,0.031005787022877485,dynamic
